playoff,year,winRatio,rank,o_3pa,o_asts,o_pf,o_stl,o_to,o_blk,o_pts,d_fgm,d_ftm,d_fta,d_3pm,d_3pa,d_oreb,d_dreb,d_reb,d_asts,d_pf,d_stl,d_to,d_blk,d_pts,won,lost,confW,confL,min,attend,BPassists,BPsteals,BPrebounds,coachWinRatio,coachPostWinRatio
N,0.45601851851851855,0.33863718087019057,0.5325386281145311,0.5894248876978544,0.739285520488616,0.7662676816499497,0.7071630856756224,0.7655848381049718,0.6360112106568315,0.7137366197184143,0.7653150270072037,0.6921763016468337,0.7002240288188396,0.5949804500246992,0.6215772007770817,0.7210599098484795,0.7469340823881148,0.738531043106354,0.7782897769683902,0.7730782056255909,0.7760829587791221,0.7309057994816878,0.6568598135984449,0.7357375395337462,0.47867154541698853,0.6282540501151623,0.47145254279692805,0.6221247140993741,0.8691031779880041,0.5101485338711098,0.32978442684288195,0.3963501802241119,0.34531037769908757,0.11352984290967959,0.04037432607085507
Y,0.5,0.629517259978425,0.4467574928240159,0.627868636815069,0.8205387871330844,0.8090365322900558,0.7490609005473019,0.8047982908240944,0.72675293591545,0.7816601027101383,0.81034024115442,0.7338062909925576,0.740868945390676,0.6395688645287376,0.687771082144193,0.752378999786944,0.7935242550896433,0.7801616945657452,0.8161154633185888,0.8240252932362648,0.8089373127154537,0.7643539028235966,0.6859398570938116,0.7799864333000881,0.6112479741917624,0.560750416903574,0.6028371223360751,0.5494242615287379,0.9266015039351245,0.5589928643790518,0.3203150980415792,0.4353037315460695,0.47152240381361893,0.20392706796401583,0.12516074514794287
